{"cameraMode":{"drawMode":0,"name":"Shaded","section":"Shading Mode"},"sceneLighting":false,"audioPlay":false,"sceneViewState":{"m_AlwaysRefresh":false,"showFog":true,"showSkybox":false,"showFlares":true,"showImageEffects":true,"showParticleSystems":true,"showVisualEffectGraphs":true,"m_FxEnabled":true},"in2DMode":false,"pivot":{"x":-14.333612442016602,"y":15.294631958007813,"z":9.796308517456055},"rotation":{"x":0.003952388186007738,"y":0.9910038113594055,"z":-0.03004615195095539,"w":0.1303691267967224},"size":16.448652267456056,"orthographic":false}