{"cameraMode":{"drawMode":0,"name":"Shaded","section":"Shading Mode"},"sceneLighting":false,"audioPlay":false,"sceneViewState":{"m_AlwaysRefresh":false,"showFog":true,"showSkybox":false,"showFlares":true,"showImageEffects":true,"showParticleSystems":true,"showVisualEffectGraphs":true,"m_FxEnabled":true},"in2DMode":false,"pivot":{"x":1.2152289152145386,"y":0.8502658605575562,"z":-2.1267194747924806},"rotation":{"x":0.003952388186007738,"y":0.9910038113594055,"z":-0.03004615195095539,"w":0.1303691267967224},"size":2.3197503089904787,"orthographic":false}